product_category_name,revenue,units_sold
beleza_saude,1255951.9,9641
relogios_presentes,1199077.68,5968
cama_mesa_banho,1034969.3,11087
esporte_lazer,986899.26,8624
informatica_acessorios,906524.92,7801
moveis_decoracao,728242.04,8315
utilidades_domesticas,630555.6900000001,6945
cool_stuff,628663.49,3752
automotivo,591508.2,4226
ferramentas_jardim,482713.56,4336
brinquedos,478906.82,4081
bebes,410290.32,3056
perfumaria,397764.61,3404
telefonia,319916.66,4517
moveis_escritorio,273166.91,1685
papelaria,229213.03,2499
pcs,221663.13,202
pet_shop,212621.57,1926
instrumentos_musicais,191213.88,679
eletroportateis,190648.58,679
consoles_games,157292.34,1133
fashion_bolsas_e_acessorios,151989.34,2023
eletronicos,151780.92,2674
construcao_ferramentas_construcao,143906.92,922
malas_acessorios,139959.09,1088
eletrodomesticos_2,113177.84,237
casa_construcao,83088.12,604
eletrodomesticos,80011.09,767
agro_industria_e_comercio,72530.47,212
moveis_sala,66714.46,451
telefonia_fixa,59563.01,263
casa_conforto,58572.04,434
climatizacao,55024.96,297
audio,50673.6,363
portateis_casa_forno_e_cafe,47445.71,76
livros_interesse_geral,46841.76,552
moveis_cozinha_area_de_servico_jantar_e_jardim,46153.37,280
construcao_ferramentas_iluminacao,40852.0,303
construcao_ferramentas_seguranca,40544.52,194
industria_comercio_e_negocios,39549.61,267
alimentos,29187.71,507
market_place,28378.47,311
construcao_ferramentas_jardim,25715.89,238
artes,24202.64,209
fashion_calcados,23363.07,261
bebidas,22428.7,379
sinalizacao_e_seguranca,20994.43,196
moveis_quarto,20028.78,109
livros_tecnicos,19096.06,267
construcao_ferramentas_ferramentas,15903.95,103
alimentos_bebidas,15179.48,278
fashion_roupa_masculina,10797.82,132
fashion_underwear_e_moda_praia,9541.55,131
artigos_de_natal,8800.82,153
tablets_impressao_imagem,7528.41,83
cine_foto,6933.46,72
musica,6034.35,38
dvds_blu_ray,5999.39,64
livros_importados,4639.85,60
artigos_de_festas,4485.18,43
moveis_colchao_e_estofado,4368.08,38
fashion_roupa_feminina,2803.64,48
fashion_esporte,2094.52,29
la_cuisine,2054.99,14
artes_e_artesanato,1814.01,24
fraldas_higiene,1567.59,39
flores,1110.04,33
casa_conforto_2,760.27,30
cds_dvds_musicais,730.0,14
fashion_roupa_infanto_juvenil,569.85,8
seguros_e_servicos,283.28999999999996,2
