month,revenue,orders,average_order_value
2016-09,354.75,4,88.6875
2016-10,56712.92,324,175.03987654320986
2016-12,19.62,1,19.62
2017-01,135272.76,800,169.09095000000002
2017-02,276123.05,1779,155.21250702641933
2017-03,422852.22000000003,2674,158.13471204188482
2017-04,400574.47000000003,2398,167.04523352793996
2017-05,570711.67,3689,154.7063350501491
2017-06,492441.53,3232,152.36433477722773
2017-07,575930.1900000001,4017,143.37321135175506
2017-08,658024.68,4319,152.35579532299144
2017-09,706804.21,4273,165.41170372103906
2017-10,743494.81,4617,161.0341802035954
2017-11,1156317.23,7521,153.74514426273103
2017-12,841496.65,5657,148.7531642213187
2018-01,1076687.41,7255,148.40625913163333
2018-02,967031.92,6704,144.2470047732697
2018-03,1130631.94,7189,157.27249130616218
2018-04,1145123.67,6918,165.52813963573286
2018-05,1139325.34,6855,166.2035506929249
2018-06,1015986.32,6151,165.17417005364982
2018-07,1048970.83,6275,167.16666613545817
2018-08,994017.9,6491,153.13786781697735
2018-09,166.46,16,10.40375
2018-10,0.0,4,0.0
