customer_state,orders,revenue
SP,41731,5832680.88
RJ,12839,2094085.82
MG,11624,1828287.73
RS,5462,871925.41
PR,5034,788784.44
SC,3637,600835.89
BA,3371,600299.51
ES,2027,321232.34
GO,2011,336844.56
DF,1969,320650.31
PE,1648,316700.09
CE,1332,269393.71
PA,972,205933.76
MT,905,183908.31
MA,743,148118.2
MS,715,134920.01
PB,534,135794.82
PI,492,106690.15
RN,483,100841.43000000001
AL,412,95357.34
SE,349,72668.25
TO,279,60359.31
RO,251,56220.67
AM,148,27197.07
AC,81,19316.94
AP,68,16262.8
RR,46,9762.8
